﻿<?xml version="1.0" encoding="utf-8" ?>
<helpItems xmlns="http://msh" schema="maml">
  <command:command
  xmlns:maml="http://schemas.microsoft.com/maml/2004/10"
  xmlns:command="http://schemas.microsoft.com/maml/dev/command/2004/10"
  xmlns:dev="http://schemas.microsoft.com/maml/dev/2004/10">
    <command:details>
      Creates new stuntman to use within your own environment
    </command:details>
    <maml:description>
      Creates new stuntman to use within your own environment
    </maml:description>
    <command:syntax>
      <!--Add syntax information here-->
    </command:syntax>
    <command:parameters>
      <!--Add parameter information here-->
    </command:parameters>
    <command:inputTypes>
      <!--Add input type information here-->
    </command:inputTypes>
    <command:returnValues>
      <!--Add return value information here-->
    </command:returnValues>
    <maml:alertSet>
      <!--Add Note information here-->
    </maml:alertSet>
    <command:examples>
      <!--Add cmdlet examples here-->
    </command:examples>
    <maml:relatedLinks>
      <!--Add links to related content here-->
    </maml:relatedLinks>
  </command:command>
</helpItems>
